<?xml version="1.0" encoding="UTF-8"?>
<fonts>
	<fontset id="Default" idloc="31390">
		<font>
			<name>lyrics1</name>
			<filename>lyrics/SF Distant Galaxy.ttf</filename>
			<style>lowercase</style>
			<linespacing>0.9</linespacing>
			<size>120</size>
		</font>
		<font>
			<name>lyrics1b</name>
			<filename>lyrics/Blogger_Sans-Bold.ttf</filename>
			<linespacing>0.8</linespacing>
			<size>75</size>
		</font>
		<font>
			<name>lyrics2</name>
			<filename>lyrics/theboldfont.ttf</filename>
			<linespacing>0.9</linespacing>
			<size>120</size>
		</font>
		<font>
			<name>lyrics2b</name>
			<filename>lyrics/Days.ttf</filename>
			<linespacing>0.85</linespacing>
			<size>62</size>
		</font>
		<font>
			<name>lyrics3</name>
			<filename>lyrics/Geomancy - Extra Bold.ttf</filename>
			<linespacing>0.9</linespacing>
			<size>120</size>
		</font>
		<font>
			<name>lyrics3b</name>
			<filename>lyrics/Exo2-BlackItalic.ttf</filename>
			<linespacing>0.85</linespacing>
			<size>62</size>
		</font>
		<font>
			<name>lyrics4</name>
			<filename>lyrics/HighlandGothicFLF.ttf</filename>
			<linespacing>0.8</linespacing>
			<size>60</size>
		</font>
		<font>
			<name>lyrics4b</name>
			<filename>lyrics/theboldfont.ttf</filename>
			<linespacing>0.9</linespacing>
			<size>120</size>
		</font>
		<font>
			<name>lyrics5</name>
			<style>uppercase</style>
			<filename>lyrics/Digitalt.ttf</filename>
			<size>140</size>
		</font>
		<font>
			<name>lyrics5b</name>
			<filename>lyrics/Blogger_Sans-Bold.ttf</filename>
			<linespacing>0.8</linespacing>
			<size>75</size>
		</font>
		<font>
			<name>lyrics6</name>
			<filename>lyrics/BOXING.ttf</filename>
			<aspect>1.3</aspect>
			<style>lowercase</style>
			<linespacing>0.9</linespacing>
			<size>104</size>
		</font>
		<font>
			<name>lyrics6b</name>
			<filename>lyrics/HighlandGothicFLF.ttf</filename>
			<linespacing>0.8</linespacing>
			<size>60</size>
		</font>
		<font>
			<name>lyrics7</name>
			<filename>lyrics/SF Distant Galaxy.ttf</filename>
			<style>lowercase</style>
			<linespacing>0.9</linespacing>
			<size>120</size>
		</font>
		<font>
			<name>lyrics7b</name>
			<filename>lyrics/Exo2-BlackItalic.ttf</filename>
			<linespacing>0.85</linespacing>
			<size>62</size>
		</font>
		<font>
			<name>lyrics8</name>
			<filename>lyrics/Geomancy - Extra Bold.ttf</filename>
			<linespacing>0.9</linespacing>
			<size>120</size>
		</font>
		<font>
			<name>lyrics8b</name>
			<filename>lyrics/BubblegumSans-Regular.ttf</filename>
			<linespacing>0.85</linespacing>
			<size>70</size>
		</font>
		<font>
			<name>lyrics9</name>
			<filename>lyrics/BOXING.ttf</filename>
			<style>lowercase</style>
			<linespacing>0.9</linespacing>
			<size>275</size>
		</font>
		<font>
			<name>lyrics9b</name>
			<filename>lyrics/BOXING.ttf</filename>
			<style>lowercase</style>
			<linespacing>0.9</linespacing>
			<size>165</size>
		</font>
		<font>
			<name>lyrics9c</name>
			<filename>lyrics/BOXING.ttf</filename>
			<style>lowercase</style>
			<linespacing>0.9</linespacing>
			<size>220</size>
		</font>
		<font>
			<name>lyrics9d</name>
			<filename>lyrics/Days.ttf</filename>
			<linespacing>0.85</linespacing>
			<size>60</size>
		</font>
		<font>
			<name>lyrics0</name>
			<style>uppercase</style>
			<filename>lyrics/Digitalt.ttf</filename>
			<size>125</size>
		</font>
		<font>
			<name>lyrics0a</name>
			<style>uppercase</style>
			<filename>lyrics/Digitalt.ttf</filename>
			<size>175</size>
		</font>
		<font>
			<name>lyrics0b</name>
			<style>uppercase</style>
			<filename>lyrics/Digitalt.ttf</filename>
			<size>225</size>
		</font>
		<font>
			<name>lyrics0c</name>
			<filename>lyrics/BubblegumSans-Regular.ttf</filename>
			<linespacing>0.85</linespacing>
			<size>70</size>
		</font>
		<font>
			<name>lyrics1s</name>
			<filename>lyrics/BubblegumSans-Regular.ttf</filename>
			<linespacing>1.15</linespacing>
			<size>76</size>
		</font>
		<font>
			<name>lyrics3s</name>
			<filename>lyrics/Blogger_Sans-Bold.ttf</filename>
			<linespacing>0.80</linespacing>
			<aspect>1.1</aspect>
			<size>92</size>
		</font>
		<font>
			<name>lyrics5s</name>
			<filename>lyrics/Days.ttf</filename>
			<linespacing>0.8</linespacing>
			<size>80</size>
		</font>
		<font>
			<name>lyrics7s</name>
			<filename>lyrics/HighlandGothicFLF.ttf</filename>
			<style>bold</style>
			<linespacing>0.75</linespacing>
			<size>72</size>
		</font>
		<font>
			<name>lyrics9s</name>
			<filename>lyrics/Exo2-BlackItalic.ttf</filename>
			<linespacing>0.85</linespacing>
			<size>80</size>
		</font>
		<!-- Normal Fonts -->
		<font>
			<name>fontArial15</name>
			<filename>Arial.ttf</filename>
			<size>35</size>
		</font>
		<font>
			<name>font10</name>
			<filename>RobotoCondensed-Regular.ttf</filename>
			<size>21</size>
		</font>
		<font>
			<name>font12</name>
			<filename>RobotoCondensed-Regular.ttf</filename>
			<size>26</size>
		</font>
		<font>
			<name>font13</name>
			<filename>RobotoCondensed-Regular.ttf</filename>
			<size>30</size>
		</font>
		<font>
			<name>font14_textbox</name>
			<filename>RobotoCondensed-Regular.ttf</filename>
			<size>33</size>
			<linespacing>1.27</linespacing>
		</font>
		<font>
			<name>font14_textbox2</name>
			<filename>RobotoCondensed-Regular.ttf</filename>
			<size>33</size>
			<linespacing>1.1</linespacing>
		</font>
		<font>
			<name>font15_textbox</name>
			<filename>RobotoCondensed-Regular.ttf</filename>
			<size>35</size>
			<linespacing>1.4</linespacing>
		</font>
		<font>
			<name>font15_textbox2</name>
			<filename>RobotoCondensed-Regular.ttf</filename>
			<size>35</size>
			<linespacing>1.7</linespacing>
		</font>
		<font>
			<name>font14</name>
			<filename>RobotoCondensed-Regular.ttf</filename>
			<size>33</size>
		</font>
		<font>
			<name>font15</name>
			<filename>RobotoCondensed-Regular.ttf</filename>
			<size>35</size>
		</font>
		<font>
			<name>font15_bold</name>
			<filename>RobotoCondensed-Regular.ttf</filename>
			<style>bold</style>
			<size>35</size>
		</font>
		<font>
			<name>font16</name>
			<filename>RobotoCondensed-Regular.ttf</filename>
			<size>38</size>
		</font>
		<font>
			<name>font30</name>
			<filename>RobotoCondensed-Regular.ttf</filename>
			<size>45</size>
		</font>
		<font>
			<name>font48</name>
			<filename>RobotoCondensed-Regular.ttf</filename>
			<size>48</size>
		</font>
		<font>
			<name>font48_bold</name>
			<filename>RobotoCondensed-Regular.ttf</filename>
			<style>bold</style>
			<size>48</size>
		</font>
		<!-- LiveTV Fonts -->
		<font>
			<name>font65</name>
			<filename>RobotoCondensed-Regular.ttf</filename>
			<size>65</size>
		</font>
		<font>
			<name>font24_bold</name>
			<filename>RobotoCondensed-Regular.ttf</filename>
			<size>24</size>
			<style>bold</style>
		</font>
		<font>
			<name>font28_bold</name>
			<filename>RobotoCondensed-Regular.ttf</filename>
			<size>28</size>
			<style>bold</style>
		</font>
		<font>
			<name>font52_bold</name>
			<filename>RobotoCondensed-Regular.ttf</filename>
			<style>bold</style>
			<size>48</size>
		</font>
		<font>
			<name>font11</name>
			<filename>RobotoCondensed-Regular.ttf</filename>
			<size>24</size>
		</font>
		<font>
			<name>font12b</name>
			<filename>RobotoCondensed-Regular.ttf</filename>
			<size>28</size>
		</font>
		<font>
			<name>font13b</name>
			<filename>RobotoCondensed-Regular.ttf</filename>
			<size>32</size>
		</font>
		<!-- Title Fonts -->
		<font>
			<name>font12_title</name>
			<filename>RobotoCondensed-Regular.ttf</filename>
			<style>uppercase</style>
			<size>26</size>
		</font>
		<font>
			<name>font13_title</name>
			<filename>RobotoCondensed-Regular.ttf</filename>
			<style>uppercase</style>
			<size>30</size>
		</font>
		<font>
			<name>font14_title</name>
			<filename>RobotoCondensed-Regular.ttf</filename>
			<style>uppercase</style>
			<size>33</size>
		</font>
		<font>
			<name>font15_title</name>
			<filename>RobotoCondensed-Regular.ttf</filename>
			<style>uppercase</style>
			<size>35</size>
		</font>
		<font>
			<name>font16_title</name>
			<filename>RobotoCondensed-Regular.ttf</filename>
			<style>uppercase</style>
			<size>38</size>
		</font>
		<font>
			<name>font16_title_bold</name>
			<filename>RobotoCondensed-Regular.ttf</filename>
			<style>uppercase bold</style>
			<size>38</size>
		</font>
		<font>
			<name>font24_title</name>
			<filename>RobotoCondensed-Regular.ttf</filename>
			<style>uppercase</style>
			<size>36</size>
		</font>
		<font>
			<name>font30_title</name>
			<filename>RobotoCondensed-Regular.ttf</filename>
			<style>uppercase</style>
			<size>45</size>
		</font>
		<font>
			<name>font30_title_bold</name>
			<filename>RobotoCondensed-Regular.ttf</filename>
			<style>uppercase bold</style>
			<size>45</size>
		</font>
		<font>
			<name>font48_title</name>
			<filename>RobotoCondensed-Regular.ttf</filename>
			<style>uppercase</style>
			<size>48</size>
		</font>
		<font>
			<name>font35_title</name>
			<filename>RobotoCondensed-Regular.ttf</filename>
			<style>uppercase</style>
			<size>52</size>
		</font>
		<font>
			<name>font35_title_bold</name>
			<filename>RobotoCondensed-Regular.ttf</filename>
			<style>uppercase bold</style>
			<size>52</size>
		</font>
		<font>
			<name>font45caps_title</name>
			<filename>RobotoCondensed-Regular.ttf</filename>
			<style>uppercase</style>
			<size>68</size>
		</font>
		<font>
			<name>menu1</name>
			<filename>hulk.ttf</filename>
			<linespacing>0</linespacing>
			<size>80</size>
		</font>
		<font>
			<name>date.time</name>
			<filename>hulk.ttf</filename>
			<linespacing>0</linespacing>
			<size>40</size>
		</font>
		<font>
			<name>keyboard</name>
			<filename>hulk.ttf</filename>
			<linespacing>0</linespacing>
			<size>50</size>
		</font>
		<font>
			<name>BigAssFont</name>
			<filename>BebasNeue.ttf</filename>
			<size>600</size>
		</font>
		<font>
			<name>WeatherTemp</name>
			<filename>RobotoCondensed-Regular.ttf</filename>
			<style>uppercase</style>
			<size>120</size>
		</font>
		<!-- Icons -->
		<font>
			<name>IconTiny</name>
			<filename>webhostinghub-glyphs.ttf</filename>
			<size>26</size>
		</font>
		<font>
			<name>IconSmall</name>
			<filename>webhostinghub-glyphs.ttf</filename>
			<size>30</size>
		</font>
		<font>
			<name>IconMedium</name>
			<filename>webhostinghub-glyphs.ttf</filename>
			<size>36</size>
		</font>
		<font>
			<name>CloseButton</name>
			<filename>webhostinghub-glyphs.ttf</filename>
			<size>20</size>
		</font>
	</fontset>
	<fontset id="NoTo" idloc="31964">
		<font>
			<name>lyrics1</name>
			<filename>lyrics/SF Distant Galaxy.ttf</filename>
			<style>lowercase</style>
			<linespacing>0.9</linespacing>
			<size>120</size>
		</font>
		<font>
			<name>lyrics1b</name>
			<filename>lyrics/Blogger_Sans-Bold.ttf</filename>
			<linespacing>0.8</linespacing>
			<size>75</size>
		</font>
		<font>
			<name>lyrics2</name>
			<filename>lyrics/theboldfont.ttf</filename>
			<linespacing>0.9</linespacing>
			<size>120</size>
		</font>
		<font>
			<name>lyrics2b</name>
			<filename>lyrics/Days.ttf</filename>
			<linespacing>0.85</linespacing>
			<size>62</size>
		</font>
		<font>
			<name>lyrics3</name>
			<filename>lyrics/Geomancy - Extra Bold.ttf</filename>
			<linespacing>0.9</linespacing>
			<size>120</size>
		</font>
		<font>
			<name>lyrics3b</name>
			<filename>lyrics/Exo2-BlackItalic.ttf</filename>
			<linespacing>0.85</linespacing>
			<size>62</size>
		</font>
		<font>
			<name>lyrics4</name>
			<filename>lyrics/HighlandGothicFLF.ttf</filename>
			<linespacing>0.8</linespacing>
			<size>60</size>
		</font>
		<font>
			<name>lyrics4b</name>
			<filename>lyrics/theboldfont.ttf</filename>
			<linespacing>0.9</linespacing>
			<size>120</size>
		</font>
		<font>
			<name>lyrics5</name>
			<style>uppercase</style>
			<filename>lyrics/Digitalt.ttf</filename>
			<size>140</size>
		</font>
		<font>
			<name>lyrics5b</name>
			<filename>lyrics/Blogger_Sans-Bold.ttf</filename>
			<linespacing>0.8</linespacing>
			<size>75</size>
		</font>
		<font>
			<name>lyrics6</name>
			<filename>lyrics/BOXING.ttf</filename>
			<aspect>1.3</aspect>
			<style>lowercase</style>
			<linespacing>0.9</linespacing>
			<size>104</size>
		</font>
		<font>
			<name>lyrics6b</name>
			<filename>lyrics/HighlandGothicFLF.ttf</filename>
			<linespacing>0.8</linespacing>
			<size>60</size>
		</font>
		<font>
			<name>lyrics7</name>
			<filename>lyrics/SF Distant Galaxy.ttf</filename>
			<style>lowercase</style>
			<linespacing>0.9</linespacing>
			<size>120</size>
		</font>
		<font>
			<name>lyrics7b</name>
			<filename>lyrics/Exo2-BlackItalic.ttf</filename>
			<linespacing>0.85</linespacing>
			<size>62</size>
		</font>
		<font>
			<name>lyrics8</name>
			<filename>lyrics/Geomancy - Extra Bold.ttf</filename>
			<linespacing>0.9</linespacing>
			<size>120</size>
		</font>
		<font>
			<name>lyrics8b</name>
			<filename>lyrics/BubblegumSans-Regular.ttf</filename>
			<linespacing>0.85</linespacing>
			<size>70</size>
		</font>
		<font>
			<name>lyrics9</name>
			<filename>lyrics/BOXING.ttf</filename>
			<style>lowercase</style>
			<linespacing>0.9</linespacing>
			<size>275</size>
		</font>
		<font>
			<name>lyrics9b</name>
			<filename>lyrics/BOXING.ttf</filename>
			<style>lowercase</style>
			<linespacing>0.9</linespacing>
			<size>165</size>
		</font>
		<font>
			<name>lyrics9c</name>
			<filename>lyrics/BOXING.ttf</filename>
			<style>lowercase</style>
			<linespacing>0.9</linespacing>
			<size>220</size>
		</font>
		<font>
			<name>lyrics9d</name>
			<filename>lyrics/Days.ttf</filename>
			<linespacing>0.85</linespacing>
			<size>60</size>
		</font>
		<font>
			<name>lyrics0</name>
			<style>uppercase</style>
			<filename>lyrics/Digitalt.ttf</filename>
			<size>125</size>
		</font>
		<font>
			<name>lyrics0a</name>
			<style>uppercase</style>
			<filename>lyrics/Digitalt.ttf</filename>
			<size>175</size>
		</font>
		<font>
			<name>lyrics0b</name>
			<style>uppercase</style>
			<filename>lyrics/Digitalt.ttf</filename>
			<size>225</size>
		</font>
		<font>
			<name>lyrics0c</name>
			<filename>lyrics/BubblegumSans-Regular.ttf</filename>
			<linespacing>0.85</linespacing>
			<size>70</size>
		</font>
		<font>
			<name>lyrics1s</name>
			<filename>lyrics/BubblegumSans-Regular.ttf</filename>
			<linespacing>1.15</linespacing>
			<size>76</size>
		</font>
		<font>
			<name>lyrics3s</name>
			<filename>lyrics/Blogger_Sans-Bold.ttf</filename>
			<linespacing>0.80</linespacing>
			<aspect>1.1</aspect>
			<size>92</size>
		</font>
		<font>
			<name>lyrics5s</name>
			<filename>lyrics/Days.ttf</filename>
			<linespacing>0.8</linespacing>
			<size>80</size>
		</font>
		<font>
			<name>lyrics7s</name>
			<filename>lyrics/HighlandGothicFLF.ttf</filename>
			<style>bold</style>
			<linespacing>0.75</linespacing>
			<size>72</size>
		</font>
		<font>
			<name>lyrics9s</name>
			<filename>lyrics/Exo2-BlackItalic.ttf</filename>
			<linespacing>0.85</linespacing>
			<size>80</size>
		</font>
		<!-- Normal Fonts -->
		<font>
			<name>fontArial15</name>
			<filename>Arial.ttf</filename>
			<size>35</size>
		</font>
		<font>
			<name>font10</name>
			<filename>NotoSans-Regular.ttf</filename>
			<size>21</size>
		</font>
		<font>
			<name>font12</name>
			<filename>NotoSans-Regular.ttf</filename>
			<size>26</size>
		</font>
		<font>
			<name>font13</name>
			<filename>NotoSans-Regular.ttf</filename>
			<size>30</size>
		</font>
		<font>
			<name>font14_textbox</name>
			<filename>NotoSans-Regular.ttf</filename>
			<size>33</size>
			<linespacing>1.27</linespacing>
		</font>
		<font>
			<name>font14_textbox2</name>
			<filename>NotoSans-Regular.ttf</filename>
			<size>33</size>
			<linespacing>1.1</linespacing>
		</font>
		<font>
			<name>font15_textbox</name>
			<filename>NotoSans-Regular.ttf</filename>
			<size>35</size>
			<linespacing>1.4</linespacing>
		</font>
		<font>
			<name>font14</name>
			<filename>NotoSans-Regular.ttf</filename>
			<size>33</size>
		</font>
		<font>
			<name>font15</name>
			<filename>NotoSans-Regular.ttf</filename>
			<size>35</size>
		</font>
		<font>
			<name>font15_bold</name>
			<filename>NotoSans-Regular.ttf</filename>
			<style>bold</style>
			<size>35</size>
		</font>
		<font>
			<name>font16</name>
			<filename>NotoSans-Regular.ttf</filename>
			<size>38</size>
		</font>
		<font>
			<name>font30</name>
			<filename>NotoSans-Regular.ttf</filename>
			<size>45</size>
		</font>
		<font>
			<name>font48</name>
			<filename>NotoSans-Regular.ttf</filename>
			<size>48</size>
		</font>
		<font>
			<name>font48_bold</name>
			<filename>NotoSans-Regular.ttf</filename>
			<style>bold</style>
			<size>48</size>
		</font>
		<!-- LiveTV Fonts -->
		<font>
			<name>font65</name>
			<filename>NotoSans-Regular.ttf</filename>
			<size>65</size>
		</font>
		<font>
			<name>font24_bold</name>
			<filename>NotoSans-Regular.ttf</filename>
			<size>24</size>
			<style>bold</style>
		</font>
		<font>
			<name>font28_bold</name>
			<filename>NotoSans-Regular.ttf</filename>
			<size>28</size>
			<style>bold</style>
		</font>
		<font>
			<name>font52_bold</name>
			<filename>NotoSans-Regular.ttf</filename>
			<style>bold</style>
			<size>48</size>
		</font>
		<font>
			<name>font11</name>
			<filename>NotoSans-Regular.ttf</filename>
			<size>24</size>
		</font>
		<font>
			<name>font12b</name>
			<filename>NotoSans-Regular.ttf</filename>
			<size>28</size>
		</font>
		<font>
			<name>font13b</name>
			<filename>NotoSans-Regular.ttf</filename>
			<size>32</size>
		</font>
		<!-- Title Fonts -->
		<font>
			<name>font12_title</name>
			<filename>NotoSans-Regular.ttf</filename>
			<style>uppercase</style>
			<size>26</size>
		</font>
		<font>
			<name>font13_title</name>
			<filename>NotoSans-Regular.ttf</filename>
			<style>uppercase</style>
			<size>30</size>
		</font>
		<font>
			<name>font14_title</name>
			<filename>NotoSans-Regular.ttf</filename>
			<style>uppercase</style>
			<size>33</size>
		</font>
		<font>
			<name>font15_title</name>
			<filename>NotoSans-Regular.ttf</filename>
			<style>uppercase</style>
			<size>35</size>
		</font>
		<font>
			<name>font16_title</name>
			<filename>NotoSans-Regular.ttf</filename>
			<style>uppercase</style>
			<size>38</size>
		</font>
		<font>
			<name>font16_title_bold</name>
			<filename>NotoSans-Regular.ttf</filename>
			<style>uppercase bold</style>
			<size>38</size>
		</font>
		<font>
			<name>font24_title</name>
			<filename>NotoSans-Regular.ttf</filename>
			<style>uppercase</style>
			<size>36</size>
		</font>
		<font>
			<name>font30_title</name>
			<filename>NotoSans-Regular.ttf</filename>
			<style>uppercase</style>
			<size>45</size>
		</font>
		<font>
			<name>font30_title_bold</name>
			<filename>NotoSans-Regular.ttf</filename>
			<style>uppercase bold</style>
			<size>45</size>
		</font>
		<font>
			<name>font48_title</name>
			<filename>NotoSans-Regular.ttf</filename>
			<style>uppercase</style>
			<size>48</size>
		</font>
		<font>
			<name>font35_title</name>
			<filename>NotoSans-Regular.ttf</filename>
			<style>uppercase</style>
			<size>52</size>
		</font>
		<font>
			<name>font35_title_bold</name>
			<filename>NotoSans-Regular.ttf</filename>
			<style>uppercase bold</style>
			<size>52</size>
		</font>
		<font>
			<name>font45caps_title</name>
			<filename>NotoSans-Regular.ttf</filename>
			<style>uppercase</style>
			<size>68</size>
		</font>
		<font>
			<name>font_MainMenu</name>
			<filename>NotoSans-Regular.ttf</filename>
			<style>uppercase bold</style>
			<aspect>0.70</aspect>
			<linespacing>0</linespacing>
			<size>108</size>
		</font>
		<font>
			<name>BigAssFont</name>
			<filename>BebasNeue.ttf</filename>
			<size>600</size>
		</font>
		<font>
			<name>WeatherTemp</name>
			<filename>NotoSans-Regular.ttf</filename>
			<style>uppercase</style>
			<size>120</size>
		</font>
		<!-- Icons -->
		<font>
			<name>IconTiny</name>
			<filename>webhostinghub-glyphs.ttf</filename>
			<size>26</size>
		</font>
		<font>
			<name>IconSmall</name>
			<filename>webhostinghub-glyphs.ttf</filename>
			<size>30</size>
		</font>
		<font>
			<name>IconMedium</name>
			<filename>webhostinghub-glyphs.ttf</filename>
			<size>36</size>
		</font>
		<font>
			<name>CloseButton</name>
			<filename>webhostinghub-glyphs.ttf</filename>
			<size>20</size>
		</font>
	</fontset>
</fonts>