<?xml version="1.0" encoding="UTF-8"?>
<includes>
	<constant name="CenterWidth">960</constant>
	<constant name="CenterHeight">540</constant>
	<constant name="HomeSubMenuLeft">210</constant>
	<constant name="SettingsLeft">0</constant>
	<constant name="BackPanelIconsLeft">90</constant>
	<constant name="ViewIconsLeft">120</constant>
	<constant name="BackPanelIconsWidth">1740</constant>
	<constant name="ViewIconsWidth">1680</constant>
	<constant name="ScrollbarIconsLeft">1797</constant>
	<constant name="ViewInfoWallLeft">0</constant>
	<constant name="BackPanelInfoWallWidth">1740</constant>
	<constant name="BackPanelInfoWallSquareWidth">1640</constant>
	<constant name="ViewInfoWallWidth">1000</constant>
	<constant name="ViewInfoWallSquareWidth">900</constant>
	<constant name="ScrollbarInfoWallLeft">104</constant>
	<constant name="InfoPanelInfoWallLeft">1120</constant>
	<constant name="InfoPanelInfoWallSquareLeft">1070</constant>
	<constant name="ViewBannerWallTop">20</constant>
	<constant name="ViewBannerWallLeft">0</constant>
	<constant name="BackPanelBannerWallWidth">1740</constant>
	<constant name="ViewBannerWallWidth">1180</constant>
	<constant name="InfoPanelBannerWallLeft">1240</constant>
	<constant name="BannerWallWidth">1120</constant>
	<constant name="BannerWallHeight">207</constant>
	<constant name="LogoOffsetx">-277</constant>
	<constant name="ListCenterleft">50%</constant>
	<constant name="MultiWidgetBackPanelLeft">216</constant>
	<constant name="MultiWidgetBackPanelRight">202</constant>
	<constant name="MultiWidgetLeft">228</constant>
	<constant name="MultiWidgetRight">222</constant>
	<constant name="VideoInfoSlidePos">1242</constant>
	<constant name="PlayerInfoItemGap">0</constant>
	<constant name="PlayerInfoTextboxWidth">775</constant>
	<include name="FocusPosition4">
		<focusposition>4</focusposition>
	</include>
	<include name="FocusPosition2">
		<focusposition>2</focusposition>
	</include>
	<include name="HomeSubMenuPos">
		<focusposition>2</focusposition>
		<movement>2</movement>
	</include>
</includes>