<?xml version="1.0" encoding="UTF-8"?>
<addon id="skin.guardians" version="1.0" name="Guardians 2" provider-name="Critter">
	<requires>
		<import addon="xbmc.gui" version="5.12.0"/>
		<import addon="script.grab.fanart" version="0.12.8"/>
		<import addon="script.skinshortcuts" version="0.4.5"/>
		<import addon="service.library.data.provider" version="0.0.7"/>
		<import addon="resource.images.studios.white" version="0.0.1"/>
		<import addon="resource.images.recordlabels.white" version="0.0.1"/>
	</requires>
	<extension point="xbmc.gui.skin" debugging="false" effectslowdown="0.75">
		<res width="1920" height="1080" aspect="16:9" default="true" folder="1080i" />
		<res width="2560" height="1080" aspect="21:9" default="false" folder="1080i" />
	</extension>
	<extension point="xbmc.addon.metadata">
		<summary lang="en_GB">Guardians of the Galaxy 2</summary>
		<summary lang="en_AU">Guardians of the Galaxy 2</summary>
		<summary lang="en_NZ">Guardians of the Galaxy 2</summary>
		<summary lang="en_US">Guardians of the Galaxy 2</summary>
		<description lang="en_GB">Critters Guardians of the Galaxy 2</description>
		<description lang="en_AU">Critters Guardians of the Galaxy 2</description>
		<description lang="en_NZ">Critters Guardians of the Galaxy 2</description>
		<description lang="en_US">Critters Guardians of the Galaxy 2</description>
		<disclaimer lang="en_GB">Mouse control is supported, althoug not recommended. It may not work correctly in all cases.</disclaimer>
		<platform>all</platform>
		<license>CC BY-NC-SA 4.0</license>
		<forum>https://www.facebook.com/groups/417578161908444/</forum>
		<website>https://www.facebook.com/groups/417578161908444/</website>
		<email></email>
		<source>https://www.facebook.com/groups/417578161908444/</source>
		<news>Fixed missing focus on fullscreen info dialog</news>
		<assets>
			<icon>resources/icon.png</icon>
			<fanart>resources/fanart.jpg</fanart>
			<screenshot>resources/screenshot-01.jpg</screenshot>
			<screenshot>resources/screenshot-02.jpg</screenshot>
			<screenshot>resources/screenshot-03.jpg</screenshot>
			<screenshot>resources/screenshot-04.jpg</screenshot>
		</assets>
	</extension>
</addon>
