<?xml version="1.0" encoding="UTF-8"?>
<includes>
	<default type="image">
		<texture />
	</default>
	<default type="multiimage">
		<aspectratio align="center">scale</aspectratio>
		<fadetime>FanartCrossfadeTime</fadetime>
		<include>FullscreenDimensions</include>
		<timeperimage>3000</timeperimage>
		<randomize>true</randomize>
	</default>
	<default type="label">
		<top>0</top>
		<align>left</align>
		<aligny>center</aligny>
		<label />
		<font>font13</font>
		<textcolor>white</textcolor>
		<disabledcolor>grey3</disabledcolor>
		<scrollspeed>30</scrollspeed>
	</default>
	<default type="fadelabel">
		<left>0</left>
		<top>0</top>
		<font>font13</font>
		<textcolor>white</textcolor>
		<disabledcolor>grey3</disabledcolor>
		<scrollspeed>40</scrollspeed>
	</default>
	<default type="button">
		<top>0</top>
		<width>450</width>
		<height>60</height>
		<texturefocus border="1">listselect_fo.png</texturefocus>
		<texturenofocus border="1">separator2.png</texturenofocus>
		<font>font14</font>
		<textcolor>grey2</textcolor>
		<focusedcolor>white</focusedcolor>
		<disabledcolor>grey4</disabledcolor>
		<textoffsetx>15</textoffsetx>
		<aligny>center</aligny>
		<pulseonselect>false</pulseonselect>
	</default>
	<default type="togglebutton">
		<left>0</left>
		<top>0</top>
		<width>30</width>
		<height>60</height>
		<textoffsetx>15</textoffsetx>
		<texturefocus border="1">listselect_fo.png</texturefocus>
		<texturenofocus border="1">separator2.png</texturenofocus>
		<alttexturefocus border="1">listselect_fo.png</alttexturefocus>
		<alttexturenofocus border="1">separator2.png</alttexturenofocus>
		<textcolor>grey2</textcolor>
		<focusedcolor>white</focusedcolor>
		<disabledcolor>grey4</disabledcolor>
		<label />
		<aligny>center</aligny>
		<font>font14</font>
		<pulseonselect>false</pulseonselect>
	</default>
	<default type="textbox">
		<align>left</align>
		<textcolor>white</textcolor>
		<font>font15_textbox</font>
	</default>
	<default type="progress">
		<left>0</left>
		<top>0</top>
		<texturebg border="1">osd/texturebg_cache.png</texturebg>
		<lefttexture />
		<midtexture border="2">osd/midtexture.png</midtexture>
		<righttexture />
		<overlaytexture />
	</default>
	<default type="spincontrol">
		<left>0</left>
		<top>0</top>
		<textureup>android/numberpicker_up_normal_holo_dark.png</textureup>
		<texturedown>android/numberpicker_down_normal_holo_dark.png</texturedown>
		<textureupfocus>android/numberpicker_up_longpressed_holo_dark.png</textureupfocus>
		<texturedownfocus>android/numberpicker_down_longpressed_holo_dark.png</texturedownfocus>
		<texturedowndisabled colordiffuse="40FFFFFF">android/numberpicker_down_normal_holo_dark.png</texturedowndisabled>
		<textureupdisabled colordiffuse="40FFFFFF">android/numberpicker_up_normal_holo_dark.png</textureupdisabled>
		<align>right</align>
		<width>40</width>
		<height>25</height>
		<font>font14</font>
		<reverse>yes</reverse>
		<textcolor>grey2</textcolor>
		<focusedcolor>white</focusedcolor>
		<disabledcolor>grey4</disabledcolor>
		<subtype>text</subtype>
		<textoffsetx>0</textoffsetx>
		<textoffsety>0</textoffsety>
		<aligny>center</aligny>
		<pulseonselect>false</pulseonselect>
	</default>
	<default type="spincontrolex">
		<left>0</left>
		<top>0</top>
		<width>450</width>
		<height>60</height>
		<spinwidth>40</spinwidth>
		<spinheight>25</spinheight>
		<texturefocus border="1">listselect_fo.png</texturefocus>
		<texturenofocus border="1">separator2.png</texturenofocus>
		<textureup>android/numberpicker_up_normal_holo_dark.png</textureup>
		<texturedown>android/numberpicker_down_normal_holo_dark.png</texturedown>
		<textureupfocus>android/numberpicker_up_longpressed_holo_dark.png</textureupfocus>
		<texturedownfocus>android/numberpicker_down_longpressed_holo_dark.png</texturedownfocus>
		<texturedowndisabled colordiffuse="40FFFFFF">android/numberpicker_down_normal_holo_dark.png</texturedowndisabled>
		<textureupdisabled colordiffuse="40FFFFFF">android/numberpicker_up_normal_holo_dark.png</textureupdisabled>
		<font>font14</font>
		<textcolor>grey2</textcolor>
		<focusedcolor>white</focusedcolor>
		<disabledcolor>grey4</disabledcolor>
		<textoffsetx>15</textoffsetx>
		<aligny>center</aligny>
		<reverse>yes</reverse>
		<pulseonselect>false</pulseonselect>
	</default>
	<default type="radiobutton">
		<left>0</left>
		<top>0</top>
		<width>450</width>
		<height>60</height>
		<radiowidth>64</radiowidth>
		<radioheight>64</radioheight>
		<textureradioonfocus>android/btn_radio_on_holo_dark.png</textureradioonfocus>
		<textureradioonnofocus>android/btn_radio_on_holo_dark.png</textureradioonnofocus>
		<textureradioofffocus>android/btn_radio_off_holo_dark.png</textureradioofffocus>
		<textureradiooffnofocus>android/btn_radio_off_holo_dark.png</textureradiooffnofocus>
		<texturefocus border="1">listselect_fo.png</texturefocus>
		<texturenofocus border="1">separator2.png</texturenofocus>
		<textureradioondisabled colordiffuse="40FFFFFF">android/btn_radio_on_holo_dark.png</textureradioondisabled>
		<textureradiooffdisabled colordiffuse="40FFFFFF">android/btn_radio_off_holo_dark.png</textureradiooffdisabled>
		<label>215</label>
		<font>font14</font>
		<textcolor>grey2</textcolor>
		<focusedcolor>white</focusedcolor>
		<disabledcolor>grey4</disabledcolor>
		<textoffsetx>15</textoffsetx>
		<aligny>center</aligny>
		<pulseonselect>false</pulseonselect>
	</default>
	<default type="selectbutton">
		<left>0</left>
		<top>0</top>
		<width>450</width>
		<height>60</height>
		<label />
		<font>font14</font>
		<texturefocus />
		<texturenofocus />
		<texturebg />
		<textureleft>scroll-left.png</textureleft>
		<textureleftfocus colordiffuse="labelheader">scroll-left.png</textureleftfocus>
		<textureright>scroll-right.png</textureright>
		<texturerightfocus colordiffuse="labelheader">scroll-right.png</texturerightfocus>
		<textcolor>grey2</textcolor>
		<textoffsetx>15</textoffsetx>
		<focusedcolor>white</focusedcolor>
		<disabledcolor>grey4</disabledcolor>
		<align>left</align>
		<aligny>center</aligny>
		<pulseonselect>false</pulseonselect>
	</default>
	<default type="slider">
		<left>0</left>
		<top>0</top>
		<orientation>horizontal</orientation>
	</default>
	<default type="sliderex">
		<left>0</left>
		<top>0</top>
		<height>60</height>
		<textoffsetx>15</textoffsetx>
		<aligny>center</aligny>
		<texturefocus border="1">listselect_fo.png</texturefocus>
		<texturenofocus border="1">separator2.png</texturenofocus>
		<sliderwidth>150</sliderwidth>
		<sliderheight>20</sliderheight>
		<texturesliderbar>osd_slider_bg.png</texturesliderbar>
		<textureslidernib>osd_slider_nibNF.png</textureslidernib>
		<textureslidernibfocus>osd_slider_nib.png</textureslidernibfocus>
		<font>font14</font>
		<textcolor>grey2</textcolor>
		<focusedcolor>white</focusedcolor>
		<disabledcolor>grey4</disabledcolor>
		<pulseonselect>false</pulseonselect>
	</default>
	<default type="mover">
		<left>0</left>
		<top>0</top>
		<texturefocus border="1">listselect_fo.png</texturefocus>
		<texturenofocus border="1">separator2.png</texturenofocus>
		<pulseonselect>false</pulseonselect>
	</default>
	<default type="resize">
		<left>0</left>
		<top>0</top>
		<texturefocus border="1">listselect_fo.png</texturefocus>
		<texturenofocus border="1">separator2.png</texturenofocus>
		<pulseonselect>false</pulseonselect>
	</default>
	<default type="edit">
		<left>0</left>
		<top>0</top>
		<width>450</width>
		<height>60</height>
		<texturefocus border="1">listselect_fo.png</texturefocus>
		<texturenofocus border="1">separator2.png</texturenofocus>
		<font>font14</font>
		<textcolor>grey2</textcolor>
		<focusedcolor>white</focusedcolor>
		<disabledcolor>grey4</disabledcolor>
		<invalidcolor>invalid</invalidcolor>
		<textoffsetx>15</textoffsetx>
		<aligny>center</aligny>
		<pulseonselect>false</pulseonselect>
	</default>
	<default type="group">
		<!-- <left>0</left> -->
		<!-- <top>0</top> -->
	</default>
	<default type="grouplist">
		<top>0</top>
		<itemgap>0</itemgap>
	</default>
</includes>